{"cameraMode":{"drawMode":0,"name":"Shaded","section":"Shading Mode"},"sceneLighting":true,"audioPlay":false,"sceneViewState":{"m_AlwaysRefresh":false,"showFog":true,"showSkybox":true,"showFlares":true,"showImageEffects":true,"showParticleSystems":true,"showVisualEffectGraphs":true,"m_FxEnabled":true},"in2DMode":false,"pivot":{"x":-15.142993927001954,"y":4.175880432128906,"z":0.7413370609283447},"rotation":{"x":-0.010330460034310818,"y":0.9718974232673645,"z":-0.23167119920253755,"w":-0.042832523584365848},"size":5.131193161010742,"orthographic":false}